Name;Name Short;Type;Type2;Pool;Pool2;Tier;Attack;Health;Text;Attack Golden;Health Golden;Text Golden;Token;Battlecry;Deathrattle;Taunt;Divine Shield;Windfury;Venomous;Reborn;Avenge;Magnetic;Spellcraft;Blizzard ID;Summon ID;Picture Link;Artist;Flavor;Active;Duos only
Annoy-o-Tron;Tron;Mech;;Mech;;1;1;2;Taunt Divine Shield;2;4;Taunt Divine Shield;;;;1;1;;;;;;;BG_GVG_085;;https://art.hearthstonejson.com/v1/bgs/latest/enUS/512x/BG_GVG_085.png;Matt Dixon;The inventor of the Annoy-o-Tron was immediately expelled from Tinkerschool, Tinkertown, and was eventually exiled from the Eastern Kingdoms altogether.;1;
Backstage Security;Security;Demon;;Demon;;1;4;4;Battlecry: Deal 1 damage to your hero.;8;8;Battlecry: Deal 1 damage to your hero twice.;;1;;;;;;;;;;BG26_528;;https://art.hearthstonejson.com/v1/bgs/latest/enUS/512x/BG26_528.png;Jaemin Kim;;1;
Cord Puller;Puller;Mech;;Mech;;1;1;1;Divine Shield. Deathrattle: Summon a 1/1 Microbot.;2;2;Divine Shield. Deathrattle: Summon a 1/1 Microbot.;;;1;;1;;;;;;;BG29_611;;https://art.hearthstonejson.com/v1/bgs/latest/enUS/512x/BG29_611.png;;;1;
Deep-Sea Angler;Angler;Naga;;Naga;;1;2;2;Spellcraft: Give a minion +2 Health and Taunt until next turn.;4;4;Spellcraft: Give a minion +4 Health and Taunt until next turn.;;;;;;;;;;;1;BG23_004;;https://art.hearthstonejson.com/v1/bgs/latest/enUS/512x/BG23_004.png;;;1;
Glim Guardian;Guardian;Dragon;;Dragon;;1;1;3;Whenever this attacks, gain +2/+1.;2;6;Whenever this attacks, gain +4/+2.;;;;;;;;;;;;BG29_888;;https://art.hearthstonejson.com/v1/bgs/latest/enUS/512x/BG29_888.png;;;1;
Harmless Bonehead;Bonehead;Undead;;Undead;;1;1;1;Deathrattle: Summon two 1/1 Skeletons.;2;2;Deathrattle: Summon two 2/2 Skeletons.;;;1;;;;;;;;;BG28_300;BG_ICC_026t;https://art.hearthstonejson.com/v1/bgs/latest/enUS/512x/BG28_300.png;;;1;
Manasaber;Saber;Beast;;Beast;;1;4;1;Deathrattle: Summon two 0/1 Cublings with Taunt.;8;2;Deathrattle: Summon two 0/2 Cublings with Taunt.;;;1;;;;;;;;;BG26_800;BG26_800t;https://art.hearthstonejson.com/v1/bgs/latest/enUS/512x/BG26_800.png;Jakub Kasper;;1;
Misfit Dragonling;Misfit;Dragon;;Dragon;;1;2;1;Start of Combat: Gain stats equal to your Tier.;4;2;Start of Combat: Gain stats equal to your Tier.;;;;;;;;;;;;BG29_814;;https://art.hearthstonejson.com/v1/bgs/latest/enUS/512x/BG29_814.png;;;1;
Molten Rock;Rock;Elemental;;Elemental;;1;3;3;Taunt. After you play an Elemental, gain +1 Health.;6;6;Taunt. After you play an Elemental, gain +2 Health.;;;;1;;;;;;;;BGS_127;;https://art.hearthstonejson.com/v1/bgs/latest/enUS/512x/BGS_127.png;;;1;
Passenger;Passenger;;;All;;1;2;2;The first time your team Passes each turn, gain +1/+2.;4;4;The first time your team Passes each turn, gain +2/+4.;;;;;;;;;;;;BGDUO_114;;https://art.hearthstonejson.com/v1/bgs/latest/enUS/512x/BGDUO_114.png;;;1;1
Picky Eater;Eater;Demon;;Demon;;1;1;1;Battlecry: Consume a random minion in Bob's Tavern to gain its stats.;2;2;Battlecry: Consume a random minion in Bob's Tavern to gain double its stats.;;1;;;;;;;;;;BG24_009;;https://art.hearthstonejson.com/v1/bgs/latest/enUS/512x/BG24_009.png;;;1;
Razorfen Geomancer;Razorfen Geomancer;Quilboar;;Quilboar;;1;3;1;Battlecry: Gain a Blood Gem.;6;2;Battlecry: Gain 2 Blood Gems.;;1;;;;;;;;;;BG20_100;;https://art.hearthstonejson.com/v1/bgs/latest/enUS/512x/BG20_100.png;;;1;
Refreshing Anomaly;Anomaly;Elemental;;Elemental;;1;1;4;Battlecry: Your next Refresh costs (0).;2;8;Battlecry: Your next two Refreshes cost (0).;;1;;;;;;;;;;BGS_116;;https://art.hearthstonejson.com/v1/bgs/latest/enUS/512x/BGS_116.png;;;1;
Risen Rider;Rider;Undead;;Undead;;1;2;1;Taunt Reborn;4;2;Taunt Reborn;;;;1;;;;1;;;;BG25_001;;https://art.hearthstonejson.com/v1/bgs/latest/enUS/512x/BG25_001.png;;;1;
Saltscale Honcho;Honcho;Murloc;;Murloc;;1;3;2;After you play a Murloc, give a friendly Murloc other than it +1 Health.;6;4;After you play a Murloc, give a friendly Murloc other than it +2 Health.;;;;;;;;;;;;BG21_008;;https://art.hearthstonejson.com/v1/bgs/latest/enUS/512x/BG21_008.png;;;1;
Scallywag;Scally;Pirate;;Pirate;;1;3;1;Deathrattle: Summon a 1/1 Pirate. It attacks immediately.;6;2;Deathrattle: Summon a 2/2 Pirate. It attacks immediately.;;;1;;;;;;;;;BGS_061;BGS_061t;https://art.hearthstonejson.com/v1/bgs/latest/enUS/512x/BGS_061.png;;;1;
Snail Cavalry;Snail;Naga;;Naga;;1;2;2;Once per turn, after you cast a spell, gain +1/+1.;4;4;Once per turn, after you cast a spell, gain +2/+2.;;;;;;;;;;;;BG23_001;;https://art.hearthstonejson.com/v1/bgs/latest/enUS/512x/BG23_001.png;;;1;
Southsea Busker;Busker;Pirate;;Pirate;;1;3;1;Battlecry: Gain 1 Gold next turn.;6;2;Battlecry: Gain 2 Gold next turn.;;1;;;;;;;;;;BG26_135;;https://art.hearthstonejson.com/v1/bgs/latest/enUS/512x/BG26_135.png;BOSi Studio;;1;
Sun-Bacon Relaxer;SBR;Quilboar;;Quilboar;;1;1;2;When you sell this, gain 2 Blood Gems.;2;4;When you sell this, gain 4 Blood Gems.;;;;;;;;;;;;BG20_301;;https://art.hearthstonejson.com/v1/bgs/latest/enUS/512x/BG20_301.png;;;1;
Swampstriker;Striker;Murloc;;Murloc;;1;1;5;After you summon a Murloc, gain +1 Attack.;2;10;After you summon a Murloc, gain +2 Attack.;;;;;;;;;;;;BG22_401;;https://art.hearthstonejson.com/v1/bgs/latest/enUS/512x/BG22_401.png;;;1;
Thorncaptain;Thorny;Quilboar;Pirate;Quilboar;Pirate;1;4;2;After a card is added to your hand, gain +1 Health until next turn.;8;4;After a card is added to your hand, gain +2 Health until next turn.;;;;;;;;;;;;BG25_045;;https://art.hearthstonejson.com/v1/bgs/latest/enUS/512x/BG25_045.png;;;1;
Trusty Pup;Pup;Beast;;Beast;;1;1;3;Whenever this takes damage, gain +1 Attack permanently.;2;6;Whenever this takes damage, gain +2 Attack permanently.;;;;;;;;;;;;BG29_800;;https://art.hearthstonejson.com/v1/bgs/latest/enUS/512x/BG29_800.png;;;1;
Upbeat Frontdrake;Frontdrake;Dragon;;Dragon;;1;1;1;At the end of every 3 turns, get another random Dragon. (3 turns left!);2;2;At the end of every 3 turns, get 2 other random Dragons. (3 turns left!);;;;;;;;;;;;BG26_529;;https://art.hearthstonejson.com/v1/bgs/latest/enUS/512x/BG26_529.png;Ramzy Kamen;;1;
Wrath Weaver;Weaver;;;Demon;;1;1;4;After you play a Demon, deal 1 damage to your hero and gain +2/+1.;2;8;After you play a Demon, deal 1 damage to your hero and gain +2/+1, twice.;;;;;;;;;;;;BGS_004;;https://art.hearthstonejson.com/v1/bgs/latest/enUS/512x/BGS_004.png;;;1;
Ancestral Automaton;Automaton;Mech;;Mech;;2;2;5;Has +2/+1 for each other Ancestral Automaton you've summoned this game (wherever this is).;4;10;Has +4/+2 for each other Ancestral Automaton you've summoned this game (wherever this is).;;;;;;;;;;;;BG_TTN_401;;https://art.hearthstonejson.com/v1/bgs/latest/enUS/512x/BG_TTN_401.png;;;1;
Blazing Skyfin;Skyfin;Murloc;Dragon;Murloc;Dragon;2;2;4;After you trigger a Battlecry, gain +1/+1.;4;8;After you trigger a Battlecry, gain +2/+2.;;;;;;;;;;;;BG25_040;;https://art.hearthstonejson.com/v1/bgs/latest/enUS/512x/BG25_040.png;;;1;
Bountiful Bedrock;Bedrock;Elemental;;Elemental;;2;2;2;At the end of every 2 turns, get a random Elemental. (2 turns left!);4;4;At the end of every 2 turns, get 2 random Elementals. (2 turns left!);;;;;;;;;;;;BG30_160;;https://art.hearthstonejson.com/v1/bgs/latest/enUS/512x/BG30_160.png;;;1;
Coldlight Seer;Coldlight;Murloc;;Murloc;;2;2;3;Battlecry: Give your other Murlocs +2 Health.;4;6;Battlecry: Give your other Murlocs +4 Health.;;1;;;;;;;;;;EX1_103;;https://art.hearthstonejson.com/v1/bgs/latest/enUS/512x/EX1_103.png;Arthur Gimaldinov;The Coldlight murlocs reside in the darkest pits of the Abyssal Depths. So no, there's no getting away from murlocs.;1;
Crackling Cyclone;Cyclone;Elemental;;Elemental;;2;4;1;Divine Shield Windfury;8;2;Divine Shield Windfury;;;;;1;1;;;;;;BGS_119;;https://art.hearthstonejson.com/v1/bgs/latest/enUS/512x/BGS_119.png;;;1;
Defiant Shipwright;Shipwright;Pirate;;Pirate;;2;2;5;Whenever this gains Attack, gain +1 Health permanently.;4;10;Whenever this gains Attack, gain +2 Health permanently.;;;;;;;;;;;;BG21_018;;https://art.hearthstonejson.com/v1/bgs/latest/enUS/512x/BG21_018.png;;;1;
Eternal Knight;Knight;Undead;;Undead;;2;4;1;Has +1/+1 for each friendly Eternal Knight that died this game (wherever this is).;8;2;Has +2/+2 for each friendly Eternal Knight that died this game (wherever this is).;;;;;;;;;;;;BG25_008;;https://art.hearthstonejson.com/v1/bgs/latest/enUS/512x/BG25_008.png;;;1;
Free Travel Winner;Winner;;;All;;2;2;2;At the start of your turn, if this minion survived last combat, remove this and get a Triple Reward.;4;4;At the start of your turn, if this minion survived last combat, remove this and get 2 Triple Rewards.;;;;;;;;;;;;BG30_103;;https://art.hearthstonejson.com/v1/bgs/latest/enUS/512x/BG30_103.png;;;1;
Friendly Saloonkeeper;Saloonkeeper;;;All;;2;3;4;Battlecry: Your teammate gets a Gold Coin.;6;8;Battlecry: Your teammate gets 2 Gold Coins.;;1;;;;;;;;;;BGDUO_104;;https://art.hearthstonejson.com/v1/bgs/latest/enUS/512x/BGDUO_104.png;;;1;1
Generous Geomancer;Geomancer;Quilboar;;Quilboar;;2;1;1;Deathrattle: You and your teammate each get a Blood Gem.;2;2;Deathrattle: You and your teammate each get 2 Blood Gems.;;;1;;;;;;;;;BGDUO_111;;https://art.hearthstonejson.com/v1/bgs/latest/enUS/512x/BGDUO_111.png;;;1;1
Gift Pilferer;Pilferer;Pirate;;Pirate;;2;2;3;Upgrading the Tavern costs (1) less.;4;6;Upgrading the Tavern costs (2) less.;;;;;;;;;;;;BG30_118;;https://art.hearthstonejson.com/v1/bgs/latest/enUS/512x/BG30_118.png;;;1;
Humming Bird;Bird;Beast;;Beast;;2;2;4;Your other Beasts have +2 Attack.;4;8;Your other Beasts have +4 Attack.;;;;;;;;;;;;BG26_805;;https://art.hearthstonejson.com/v1/bgs/latest/enUS/512x/BG26_805.png;Gabriel Lopes;;1;
Impulsive Trickster;Trickster;Demon;;Demon;;2;3;3;Deathrattle: Give this minion's maximum Health to another friendly minion.;6;6;Deathrattle: Give this minion's maximum Health to another friendly minion twice.;;;1;;;;;;;;;BG21_006;;https://art.hearthstonejson.com/v1/bgs/latest/enUS/512x/BG21_006.png;;;1;
Irate Rooster;Rooster;Beast;;Beast;;2;3;4;Start of Combat: Deal 1 damage to adjacent minions and give them +4 Attack.;6;8;Start of Combat: Deal 1 damage to adjacent minions and give them +4 Attack, twice.;;;;;;;;;;;;BG29_990;;https://art.hearthstonejson.com/v1/bgs/latest/enUS/512x/BG29_990.png;;;1;
Kaboom Bot;Kaboom;Mech;;Mech;;2;2;2;Deathrattle: Deal 4 damage to a random enemy minion.;4;4;Deathrattle: Deal 4 damage to a random enemy minion twice.;;;1;;;;;;;;;BOT_606;;https://art.hearthstonejson.com/v1/bgs/latest/enUS/512x/BOT_606.png;Tyler West Studio;More Boom for your buck.;1;
Lava Lurker;Lurker;Naga;;Naga;;2;2;5;The first Spellcraft enchantment on this each turn is permanent.;4;10;The first two Spellcraft enchantments on this each turn are permanent.;;;;;;;;;;;;BG23_009;;https://art.hearthstonejson.com/v1/bgs/latest/enUS/512x/BG23_009.png;;;1;
Leapfrogger;Leaper;Beast;;Beast;;2;3;3;Deathrattle: Give a friendly Beast +1/+1 and this Deathrattle.;6;6;Deathrattle: Give a friendly Beast +2/+2 and this Deathrattle.;;;1;;;;;;;;;BG21_000;;https://art.hearthstonejson.com/v1/bgs/latest/enUS/512x/BG21_000.png;;;1;
Lullabot;Lulla;Mech;;Mech;;2;2;2;Magnetic At the end of your turn, gain +1/+1.;4;4;Magnetic At the end of your turn, gain +2/+2.;;;;;;;;;;1;;BG26_146;;https://art.hearthstonejson.com/v1/bgs/latest/enUS/512x/BG26_146.png;Grafit;;1;
Mind Muck;Muck;Demon;;Demon;;2;3;2;Battlecry: Choose a friendly Demon. It consumes a minion in Bob's Tavern to gain its stats.;6;4;Battlecry: Choose a friendly Demon. It consumes a minion in Bob's Tavern to gain double its stats.;;1;;;;;;;;;;BG23_357;;https://art.hearthstonejson.com/v1/bgs/latest/enUS/512x/BG23_357.png;;;1;
Moon-Bacon Jazzer;Jazzer;Quilboar;;Quilboar;;2;2;3;Battlecry: For the rest of the game, your Blood Gems give an extra +1 Health.;4;6;Battlecry: For the rest of the game, your Blood Gems give an extra +2 Health.;;1;;;;;;;;;;BG26_159;;https://art.hearthstonejson.com/v1/bgs/latest/enUS/512x/BG26_159.png;Anton Zemskov & Timur Shevtsov;;1;
Murcules;Murcules;Murloc;;Murloc;;2;5;2;Whenever this kills a minion, give a minion in your hand +2/+2.;10;4;Whenever this kills a minion, give a minion in your hand +4/+4.;;;;;;;;;;;;BG27_023;;https://art.hearthstonejson.com/v1/bgs/latest/enUS/512x/BG27_023.png;;;1;
Museum Mummy;MM;Undead;;Undead;;2;5;1;Battlecry: Summon a 1/1 Skeleton.;10;2;Battlecry: Summon a 2/2 Skeleton.;;1;;;;;;;;;;BG30_850;;https://art.hearthstonejson.com/v1/bgs/latest/enUS/512x/BG30_850.png;;;1;
Nerubian Deathswarmer;Deathswarmer;Undead;;Undead;;2;1;4;Battlecry: Give your Undead +1 Attack for the rest of the game (wherever they are).;2;8;Battlecry: Give your Undead +2 Attack for the rest of the game (wherever they are).;;1;;;;;;;;;;BG25_011;;https://art.hearthstonejson.com/v1/bgs/latest/enUS/512x/BG25_011.png;;;1;
Oozeling Gladiator;Oozeling;;;All;;2;2;2;Battlecry: Get two Slimy Shields that give +1/+1 and Taunt.;4;4;Battlecry: Get four Slimy Shields that give +1/+1 and Taunt.;;1;;;;;;;;;;BG27_002;;https://art.hearthstonejson.com/v1/bgs/latest/enUS/512x/BG27_002.png;;;1;
Party Elemental;Party;Elemental;;Elemental;;2;3;2;After you play an Elemental, give a friendly Elemental other than it +2/+1.;6;4;After you play an Elemental, give a friendly Elemental other than it +4/+2.;;;;;;;;;;;;BGS_120;;https://art.hearthstonejson.com/v1/bgs/latest/enUS/512x/BGS_120.png;;;1;
Patient Scout;Scout;;;All;;2;1;1;When you sell this, Discover a Tier 1 minion. (Upgrades each turn!);2;2;When you sell this, Discover two Tier 1 minion. (Upgrades each turn!);;;;;;;;;;;;BG24_715;;https://art.hearthstonejson.com/v1/bgs/latest/enUS/512x/BG24_715.png;;;1;
Prophet of the Boar;Prophet;;;Quilboar;;2;2;3;Taunt. After you play a Quilboar, get a Blood Gem.;4;6;Taunt. After you play a Quilboar, get 2 Blood Gems.;;;;1;;;;;;;;BG20_203;;https://art.hearthstonejson.com/v1/bgs/latest/enUS/512x/BG20_203.png;;;1;
Reef Riffer;Riffer;Naga;;Naga;;2;1;1;Spellcraft: Give a minion stats equal to your Tavern Tier until next turn.;2;2;Spellcraft: Give a minion stats equal to twice your Tavern Tier until next turn.;;;;;;;;;;;1;BG26_501;;https://art.hearthstonejson.com/v1/bgs/latest/enUS/512x/BG26_501.png;Grafit;;1;
Ripsnarl Captain;Ripsnarl;Pirate;;Pirate;;2;2;4;Whenever a friendly Pirate attacks, give it +3 Attack.;4;8;Whenever a friendly Pirate attacks, give it +6 Attack.;;;;;;;;;;;;BGS_056;;https://art.hearthstonejson.com/v1/bgs/latest/enUS/512x/BGS_056.png;;;1;
Scarlet Skull;Skull;Undead;;Undead;;2;2;1;Reborn Deathrattle: Give a friendly Undead +1/+2.;4;2;Reborn Deathrattle: Give a friendly Undead +2/+4.;;;1;;;;;1;;;;BG25_022;;https://art.hearthstonejson.com/v1/bgs/latest/enUS/512x/BG25_022.png;;;1;
Sellemental;Selly;Elemental;;Elemental;;2;3;3;When you sell this, get a 3/3 Elemental.;6;6;When you sell this, get two 3/3 Elementals.;;;;;;;;;;;;BGS_115;BGS_115t;https://art.hearthstonejson.com/v1/bgs/latest/enUS/512x/BGS_115.png;;;1;
Shell Collector;Collector;Naga;;Naga;;2;4;3;Battlecry: Get a Gold Coin.;8;6;Battlecry: Get 2 Gold Coins.;;1;;;;;;;;;;BG23_002;;https://art.hearthstonejson.com/v1/bgs/latest/enUS/512x/BG23_002.png;;;1;
Silver Goose;Goose;Beast;;Beast;;2;2;3;Whenever this takes damage, summon a 2/2 Fledgling with Taunt.;4;6;Whenever this takes damage, summon a 4/4 Fledgling with Taunt.;;;;;;;;;;;;BG29_801;;https://art.hearthstonejson.com/v1/bgs/latest/enUS/512x/BG29_801.png;;;1;
Soul Rewinder;Rewinder;Demon;;Demon;;2;3;1;After your hero takes damage, rewind it and give this +1 Health.;6;2;After your hero takes damage, rewind it and give this +2 Health.;;;;;;;;;;;;BG26_174;;https://art.hearthstonejson.com/v1/bgs/latest/enUS/512x/BG26_174.png;Sergey Tsvelykh;;1;
Tad;Tad;Murloc;;Murloc;;2;2;2;When you sell this, add another random Murloc to your hand.;4;4;When you sell this, add 2 other random Murlocs to your hand.;;;;;;;;;;;;BG22_202;;https://art.hearthstonejson.com/v1/bgs/latest/enUS/512x/BG22_202.png;;;1;
Tough Tusk;Tusk;Quilboar;;Quilboar;;2;5;3;After a Blood Gem is played on this, gain Divine Shield until next turn.;10;6;After a Blood Gem is played on this, gain Divine Shield.;;;;;;;;;;;;BG20_102;;https://art.hearthstonejson.com/v1/bgs/latest/enUS/512x/BG20_102.png;;;1;
Twilight Emissary;Emissary;Dragon;;Dragon;;2;3;3;Taunt Battlecry: Give a friendly Dragon +2/+2.;6;6;Taunt Battlecry: Give a friendly Dragon +4/+4.;;1;;1;;;;;;;;BGS_038;;https://art.hearthstonejson.com/v1/bgs/latest/enUS/512x/BGS_038.png;;;1;
Wanderer Cho;Cho;;;All;;2;4;3;1 Pass each turn is free. (1 left!);8;6;2 Passes each turn are free. (2 left!);;;;;;;;;;;;BGDUO_100;;https://art.hearthstonejson.com/v1/bgs/latest/enUS/512x/BGDUO_100.png;;;1;1
Whelp Smuggler;Smuggler;;;Dragon;;2;2;5;After a friendly Dragon gains Attack, give it +1 Health.;4;10;After a friendly Dragon gains Attack, give it +2 Health.;;;;;;;;;;;;BG21_013;;https://art.hearthstonejson.com/v1/bgs/latest/enUS/512x/BG21_013.png;;;1;
Accord-o-Tron;Accord;Mech;;Mech;;3;3;3;Magnetic. At the start of your turn, gain 1 extra Gold.;6;6;Magnetic. At the start of your turn, gain 2 extra Gold.;;;;;;;;;;1;;BG26_147;;https://art.hearthstonejson.com/v1/bgs/latest/enUS/512x/BG26_147.png;;;1;
Annoy-o-Module;Module;Mech;;Mech;;3;2;4;Magnetic Divine Shield Taunt;4;8;Magnetic Divine Shield Taunt;;;;1;1;;;;;1;;BOT_911;;https://art.hearthstonejson.com/v1/bgs/latest/enUS/512x/BOT_911.png;Matt Dixon;Every ten seconds it asks if you want to update.;1;
Barrens Brawler;Brawler;;;All;;3;2;6;Battlecry: Get a random Deathrattle minion.;4;12;Battlecry: Get 2 random Deathrattle minions.;;1;;;;;;;;;;BG29_861;;https://art.hearthstonejson.com/v1/bgs/latest/enUS/512x/BG29_861.png;;;1;
Bristling Buffoon;Buffoon;Quilboar;;Quilboar;;3;3;4;Whenever this takes damage, get a Blood Gem. (3 times per combat.) ;6;8;Whenever this takes damage, get two Blood Gems. (3 times per combat.) ;;;;;;;;;;;;BG29_160;;https://art.hearthstonejson.com/v1/bgs/latest/enUS/512x/BG29_160.png;;;1;
Crow's Nest Sentry;Sentry;Pirate;;Pirate;;3;4;2;Battlecry: Give your other Pirates +4 Health.;8;4;Battlecry: Give your other Pirates +8 Health.;;1;;;;;;;;;;BG29_502;;https://art.hearthstonejson.com/v1/bgs/latest/enUS/512x/BG29_502.png;;;1;
Deadly Spore;Spore;;;All;;3;1;1;Venomous;2;2;Venomous;;;;;;;1;;;;;BGS_131;;https://art.hearthstonejson.com/v1/bgs/latest/enUS/512x/BGS_131.png;;;1;
Deep Blue Crooner;Deep Blue;Naga;;Naga;;3;2;2;Spellcraft: Give a minion +1/+1 until next turn. Improve your future Deep Blues.;4;4;Spellcraft: Give a minion +2/+2 until next turn. Improve your future Deep Blues.;;;;;;;;;;;1;BG26_502;;https://art.hearthstonejson.com/v1/bgs/latest/enUS/512x/BG26_502.png;;;1;
Deflect-o-Bot;Deflecto;Mech;;Mech;;3;3;2;Divine Shield Whenever you summon a Mech during combat, gain +2 Attack and Divine Shield.;6;4;Divine Shield Whenever you summon a Mech during combat, gain +4 Attack and Divine Shield.;;;;;1;;;;;;;BGS_071;;https://art.hearthstonejson.com/v1/bgs/latest/enUS/512x/BGS_071.png;;;1;
Diremuck Forager;Muck;Murloc;;Murloc;;3;3;4;Start of Combat: Give a minion in your hand +2/+2, then summon it for this combat only.;6;8;Start of Combat: Give a minion in your hand +4/+4, then summon it for this combat only.;;;;;;;;;;;;BG27_556;;https://art.hearthstonejson.com/v1/bgs/latest/enUS/512x/BG27_556.png;Ware Lee;;1;
Disguised Graverobber;Graverobber;Undead;;Undead;;3;4;4;Battlecry: Destroy a friendly Undead to get a copy of it.;8;8;Battlecry: Destroy a friendly Undead to get 2 plain copies of it.;;1;;;;;;;;;;BG28_303;;https://art.hearthstonejson.com/v1/bgs/latest/enUS/512x/BG28_303.png;;;1;
Doting Dracthyr;Dracthyr;Dragon;;Dragon;;3;4;3;At the end of your turn, give your teammate's minions +1 Attack.;8;6;At the end of your turn, give your teammate's minions +2 Attack.;;;;;;;;;;;;BGDUO_107;;https://art.hearthstonejson.com/v1/bgs/latest/enUS/512x/BGDUO_107.png;;;1;1
Electric Synthesizer;Synthesizer;Dragon;;Dragon;;3;3;2;Battlecry: Give your other Dragons +3/+2.;6;4;Battlecry: Give your other Dragons +6/+4.;;1;;;;;;;;;;BG26_963;;https://art.hearthstonejson.com/v1/bgs/latest/enUS/512x/BG26_963.png;;;1;
False Implicator;Implicator;Demon;;Demon;;3;1;1;At the end of your turn, consume a minion in the Tavern to gain its stats.;2;2;At the end of your turn, consume a minion in the Tavern to gain double its stats.;;;;;;;;;;;;BG29_140;;https://art.hearthstonejson.com/v1/bgs/latest/enUS/512x/BG29_140.png;;;1;
Fiery Felblood;Fiery;Elemental;Demon;Elemental;Demon;3;2;1;Deathrattle: Minions in the Tavern have +2 Attack this game.;4;2;Deathrattle: Minions in the Tavern have +4 Attack this game.;;;1;;;;;;;;;BG29_877;;https://art.hearthstonejson.com/v1/bgs/latest/enUS/512x/BG29_877.png;;;1;
Gunpowder Courier;Courier;Pirate;;Pirate;;3;1;6;After you spend 4 Gold, give your Pirates +1 Attack. (4 Gold left!);2;12;After you spend 4 Gold, give your Pirates +2 Attack. (4 Gold left!);;;;;;;;;;;;BG26_810;;https://art.hearthstonejson.com/v1/bgs/latest/enUS/512x/BG26_810.png;;;1;
Handless Forsaken;Handless;Undead;;Undead;;3;2;1;Deathrattle: Summon a 2/1 Hand with Reborn.;4;2;Deathrattle: Summon a 4/2 Hand with Reborn.;;;1;;;;;;;;;BG25_010;BG25_010t;https://art.hearthstonejson.com/v1/bgs/latest/enUS/512x/BG25_010.png;;;1;
Jumping Jack;Jack;All;;All;;3;3;4;The first time this is sold, Pass it instead.;6;8;The first time this is sold, Pass it instead.;;;;;;;;;;;;BGDUO_115;;https://art.hearthstonejson.com/v1/bgs/latest/enUS/512x/BGDUO_115.png;Grafit;;1;1
Keyboard Igniter;Igniter;Demon;;Demon;;3;4;4;Battlecry: Give your other Demons +2/+2 and deal 2 damage to your hero.;8;8;Battlecry: Give your other Demons +4/+4 and deal 2 damage to your hero, twice.;;1;;;;;;;;;;BG26_522;;https://art.hearthstonejson.com/v1/bgs/latest/enUS/512x/BG26_522.png;Grafit;;1;
Land Lubber;Lubber;Elemental;Pirate;Elemental;Pirate;3;4;5;The Tavern offers an extra Tavern spell after each Refresh.;8;10;The Tavern offers 2 extra Tavern spells after each Refresh.;;;;;;;;;;;;BG28_556;;https://art.hearthstonejson.com/v1/bgs/latest/enUS/512x/BG28_556.png;;;1;
Malchezaar, Prince of Dance;Malchezaar;Demon;;Demon;;3;4;3;2 Refreshes each turn cost Health instead of Gold. (2 left!);8;6;4 Refreshes each turn cost Health instead of Gold. (4 left!);;;;;;;;;;;;BG26_524;;https://art.hearthstonejson.com/v1/bgs/latest/enUS/512x/BG26_524.png;;;1;
Mangled Bandit;Bandit;Quilboar;;Quilboar;;3;3;3;At the start of your turn, discard a spell to get 3 Blood Gems. ;6;6;At the start of your turn, discard a spell to get 6 Blood Gems. ;;;;;;;;;;;;BG28_582;;https://art.hearthstonejson.com/v1/bgs/latest/enUS/512x/BG28_582.png;;;1;
Monstrous Macaw;Macaw;Beast;;Beast;;3;4;3;After this attacks, trigger your left-most Deathrattle (except this minion's).;8;6;After this attacks, trigger your left-most Deathrattle twice (except this minion's).;;;;;;;;;;;;BGS_078;;https://art.hearthstonejson.com/v1/bgs/latest/enUS/512x/BGS_078.png;;;1;
Orc-estra Conductor;Conductor;;;All;;3;4;4;Give a minion +2/+2 (Upgraded for each Orc-estra Conductor your team has played this game);8;8;Give a minion +4/+4 (Upgraded for each Orc-estra Conductor your team has played this game);;1;;;;;;;;;;BGDUO_119;;https://art.hearthstonejson.com/v1/bgs/latest/enUS/512x/BGDUO_119.png;;;1;1
Phaerix, Wrath of the Sun;Phaerix;;;All;;3;3;1;Divine Shield. Avenge (4): Give a random friendly minion Divine Shield.;6;2;Divine Shield. Avenge (4): Give two random friendly minion Divines Shield.;;;;;1;;;;1;;;BG28_403;;https://art.hearthstonejson.com/v1/bgs/latest/enUS/512x/BG28_403.png;;;1;
Plunder Pal;Pal;Pirate;;Pirate;;3;2;2;At the start of your turn, you and your teammate each gain 1 Gold.;4;4;At the start of your turn, you and your teammate each gain 2 Gold.;;;;;;;;;;;;BGDUO_118;;https://art.hearthstonejson.com/v1/bgs/latest/enUS/512x/BGDUO_118.png;;;1;1
Prickly Piper;Piper;Quilboar;;Quilboar;;3;5;1;Deathrattle: For the rest of the game, your Blood Gems give an extra +1 Attack.;10;2;Deathrattle: For the rest of the game, your Blood Gems give an extra +2 Attack.;;;1;;;;;;;;;BG26_160;;https://art.hearthstonejson.com/v1/bgs/latest/enUS/512x/BG26_160.png;;;1;
Puddle Prancer;Prancer;Murloc;;Murloc;;3;3;3;After this is Passed, gain +4/+4.;6;6;After this is Passed, gain +8/+8.;;;;;;;;;;;;BGDUO_117;;https://art.hearthstonejson.com/v1/bgs/latest/enUS/512x/BGDUO_117.png;;;1;1
Rampager;Ramp;Beast;;Beast;;3;8;8;Whenever this attacks, deal 1 damage to your other minions.;16;16;Whenever this attacks, deal 1 damage to your other minions twice.;;;;;;;;;;;;BG29_809;;https://art.hearthstonejson.com/v1/bgs/latest/enUS/512x/BG29_809.png;;;1;
Roaring Rallier;Rallier;Dragon;;Dragon;;3;2;6;Whenever a friendly Dragon attacks, give it +3/+1.;4;12;Whenever a friendly Dragon attacks, give it +6/+2.;;;;;;;;;;;;BG29_816;;https://art.hearthstonejson.com/v1/bgs/latest/enUS/512x/BG29_816.png;;;1;
Scourfin;Scourfin;Murloc;;Murloc;;3;3;3;Deathrattle: Give a random minion in your hand +5/+5.;6;6;Deathrattle: Give a random minion in your hand +10/+10.;;;1;;;;;;;;;BG26_360;;https://art.hearthstonejson.com/v1/bgs/latest/enUS/512x/BG26_360.png;;;1;
Shell Whistler;Whistler;Naga;;Naga;;3;3;2;Battlecry: Get a random Tavern spell from Tier 2.;6;4; Battlecry: Get two random Tavern spells from Tier 2.;;1;;;;;;;;;;BG26_045;;https://art.hearthstonejson.com/v1/bgs/latest/enUS/512x/BG26_045.png;;;1;
Silithid Burrower;Burrower;Beast;;Beast;;3;3;1;Taunt. Deathrattle: Give your Beasts +1/+1 permanently.;6;2;Taunt. Deathrattle: Give your Beasts +2/+2 permanently.;;;1;1;;;;;;;;BG29_871;;https://art.hearthstonejson.com/v1/bgs/latest/enUS/512x/BG29_871.png;;;1;
Sleeping Sea Glass;Glass;Elemental;;Elemental;;3;3;3;"Choose One – Double this minion's Attack; or Health.";6;6;"Choose One – Triple this minion's Attack; or Health.";;;;;;;;;;;;BG30_128;;https://art.hearthstonejson.com/v1/bgs/latest/enUS/512x/BG30_128.png;;;1;
Slimy Felblood;Slimy;Elemental;Demon;Elemental;Demon;3;3;4;Battlecry: Minions in the Tavern have +2 Health this game.;6;8;Battlecry: Minions in the Tavern have +4 Health this game.;;1;;;;;;;;;;BG29_873;;https://art.hearthstonejson.com/v1/bgs/latest/enUS/512x/BG29_873.png;;;1;
Sprightly Scarab;Scarab;Beast;;Beast;;3;2;1;"Choose One – Give a Beast +1/+1 and Reborn; or +3/+3 and Taunt.";4;2;"Choose One – Give a Beast +2/+2 and Reborn; or +6/+6 and Taunt.";;;;;;;;;;;;BG27_084;;https://art.hearthstonejson.com/v1/bgs/latest/enUS/512x/BG27_084.png;Ludo Lullabi;;1;
Tarecgosa;Tarecgosa;Dragon;;Dragon;;3;5;5;This permanently keeps your enchantments from combat.;10;10;This permanently doubles and keeps your enchantments from combat.;;;;;;;;;;;;BG21_015;;https://art.hearthstonejson.com/v1/bgs/latest/enUS/512x/BG21_015.png;;;1;
The Glad-iator;Gladiator;Naga;;Naga;;3;3;3;Divine Shield. Whenever you cast a spell, gain +1 Attack.;6;6;Divine Shield. Whenever you cast a spell, gain +2 Attack.;;;;;1;;;;;;;BG27_025;;https://art.hearthstonejson.com/v1/bgs/latest/enUS/512x/BG27_025.png;;;1;
Volcanic Visitor;Visitor;Naga;;Naga;;3;3;3;"Spellcraft: Choose One – Give your minions +2 Attack until next turn; or +2 Health until next turn.";6;6;"Spellcraft: Choose One – Give your minions +4 Attack until next turn; or +4 Health until next turn.";;;;;;;;;;;1;BG30_117;;https://art.hearthstonejson.com/v1/bgs/latest/enUS/512x/BG30_117.png;;;1;
Warden of Old;Warden;Naga;;Naga;;3;2;2;Spellcraft: Gain 1 Gold.;4;4;Spellcraft: Gain 2 Gold.;;;;;;;;;;;1;BGS_200;;https://art.hearthstonejson.com/v1/bgs/latest/enUS/512x/BGS_200.png;;;1;
Xylo-bones;Xylo;Undead;;Undead;;3;5;1;After you summon a minion in combat, gain +2 Health permanently.;10;2;After you summon a minion in combat, gain +4 Health permanently.;;;;;;;;;;;;BG26_172;;https://art.hearthstonejson.com/v1/bgs/latest/enUS/512x/BG26_172.png;;;1;
'Loc Prince;Prince;Murloc;;Murloc;;4;2;2;Whenever this gains stats, add +2/+2 to that amount (wherever this is).;4;4;Whenever this gains stats, add +4/+4 to that amount (wherever this is).;;;;;;;;;;;;BG29_889;;https://art.hearthstonejson.com/v1/bgs/latest/enUS/512x/BG29_889.png;;;1;
Anub'arak, Nerubian King;Anub;Undead;;Undead;;4;4;3;Deathrattle: Your Undead have +1 Attack for the rest of the game (wherever they are).;8;6;Deathrattle: Your Undead have +2 Attack for the rest of the game (wherever they are).;;;1;;;;;;;;;BG25_007;;https://art.hearthstonejson.com/v1/bgs/latest/enUS/512x/BG25_007.png;;;1;
Assistant Guard;Assistant;;;All;;4;2;3;Battlecry: Give a minion Taunt. Then give your Taunt minions +2/+3.;4;6;Battlecry: Give a minion Taunt. Then give your Taunt minions +4/+6.;;1;;;;;;;;;;BG29_845;;https://art.hearthstonejson.com/v1/bgs/latest/enUS/512x/BG29_845.png;;;1;
Bannerboar;Boar;Quilboar;;Quilboar;;4;3;5;At the end of your turn, play a Blood Gem on adjacent minions.;6;10;At the end of your turn, play 2 Blood Gems on adjacent minions.;;;;;;;;;;;;BG20_201;;https://art.hearthstonejson.com/v1/bgs/latest/enUS/512x/BG20_201.png;;;1;
Bassgill;Bassgill;Murloc;;Murloc;;4;7;2;Deathrattle: Summon the highest Health Murloc from your hand for this combat only.;14;4;Deathrattle: Summon the 2 highest Health Murlocs from your hand for this combat only.;;;1;;;;;;;;;BG26_350;;https://art.hearthstonejson.com/v1/bgs/latest/enUS/512x/BG26_350.png;;;1;
Blade Collector;Collector;Pirate;;Pirate;;4;3;2;Also damages the minions next to whomever this attacks.;6;4;Also damages the minions next to whomever this attacks.;;;;;;;;;;;;BG26_817;;https://art.hearthstonejson.com/v1/bgs/latest/enUS/512x/BG26_817.png;;;1;
Bream Counter;Counter;Murloc;;Murloc;;4;5;5;While this is in your hand, after you play a Murloc, gain +3/+3.;10;10;While this is in your hand, after you play a Murloc, gain +6/+6.;;;;;;;;;;;;BG26_137;;https://art.hearthstonejson.com/v1/bgs/latest/enUS/512x/BG26_137.png;;;1;
Cadaver Caretaker;Caretaker;Undead;;Undead;;4;4;4;Deathrattle: Summon four 1/1 Skeletons.;8;8;Deathrattle: Summon four 2/2 Skeletons.;;;1;;;;;;;;;BG30_125;;https://art.hearthstonejson.com/v1/bgs/latest/enUS/512x/BG30_125.png;;;1;
Clunker Junker;Junker;Mech;;Mech;;4;3;4;Battlecry: Choose a friendly Mech. Discover a Mech to Magnetize to it.;6;8;Battlecry: Choose a friendly Mech. Discover 2 Mechs to Magnetize to it.;;1;;;;;;;;;;BG29_503;;https://art.hearthstonejson.com/v1/bgs/latest/enUS/512x/BG29_503.png;;;1;
Fairy Gillmother;Gillmother;Murloc;;Murloc;;4;1;5;At the end of your turn, get a random Murloc.;2;10;At the end of your turn, get 2 random Murlocs.;;;;;;;;;;;;BG29_029;;https://art.hearthstonejson.com/v1/bgs/latest/enUS/512x/BG29_029.png;;;1;
Fearless Foodie;Foodie;Quilboar;;Quilboar;;4;2;5;"Choose One – Your Blood Gems give an extra +1/+1 this game; or Get 4 Blood Gems.";4;10;"Choose One – Your Blood Gems give an extra +2/+2 this game; or Get 8 Blood Gems.";;;;;;;;;;;;BG30_123;;https://art.hearthstonejson.com/v1/bgs/latest/enUS/512x/BG30_123.png;;;1;
Feisty Freshwater;Freshwater;Elemental;;Elemental;;4;6;4;Deathrattle: You and your teammate each gain two Refreshes that cost (0). ;12;8;Deathrattle: You and your teammate each gain four Refreshes that cost (0). ;;;1;;;;;;;;;BGDUO_110;;https://art.hearthstonejson.com/v1/bgs/latest/enUS/512x/BGDUO_110.png;;;1;1
Gem Smuggler;Smuggler;Quilboar;;Quilboar;;4;3;4;Battlecry: Play a Blood Gem on all your other minions.;6;8;Battlecry: Play 2 Blood Gems on all your other minions.;;1;;;;;;;;;;BG25_155;;https://art.hearthstonejson.com/v1/bgs/latest/enUS/512x/BG25_155.png;Andrew Hou;;1;
Grave Narrator;Narrator;Undead;;Undead;;4;2;7;Avenge (3): Your teammate gets a random minion of their most common type.;4;14;Avenge (3): Your teammate gets 2 random minions of their most common type.;;;;;;;;;1;;;BGDUO_112;;https://art.hearthstonejson.com/v1/bgs/latest/enUS/512x/BGDUO_112.png;;;1;1
Grease Bot;Greasebot;Mech;;Mech;;4;1;4;Divine Shield After a friendly minion loses Divine Shield, give it +1/+1 permanently.;2;8;Divine Shield After a friendly minion loses Divine Shield, give it +2/+2 permanently.;;;;;1;;;;;;;BG21_024;;https://art.hearthstonejson.com/v1/bgs/latest/enUS/512x/BG21_024.png;;;1;
Hunter of Gatherers;Hunter;Dragon;;Dragon;;4;3;5;After this gains Attack, give your minions +1 Health.;6;10;After this gains Attack, give your minions +2 Health.;;;;;;;;;;;;BG25_027;;https://art.hearthstonejson.com/v1/bgs/latest/enUS/512x/BG25_027.png;;;1;
Imposing Percussionist;Percussionist;Demon;;Demon;;4;4;4;Battlecry: Discover a Demon. Deal damage to your hero equal to its Tier.;8;8;Battlecry: Discover 2 Demons. Deal damage to your hero equal to their Tiers.;;1;;;;;;;;;;BG26_525;;https://art.hearthstonejson.com/v1/bgs/latest/enUS/512x/BG26_525.png;;;1;
Inspiring Underdog;Underdog;;;All;;4;2;1;Battlecry: Give your minions of Tier 3 or lower +2/+1.;4;2;Battlecry: Give your minions of Tier 3 or lower +4/+2.;;1;;;;;;;;;;BG30_127;;https://art.hearthstonejson.com/v1/bgs/latest/enUS/512x/BG30_127.png;;;1;
Lil' Rag;Rag;Elemental;;Elemental;;4;4;4;After you play an Elemental, give a friendly minion stats equal to the Elemental's Tavern Tier.;8;8;After you play an Elemental, give a friendly minion stats equal to the Elemental's Tavern Tier twice.;;;;;;;;;;;;BGS_100;;https://art.hearthstonejson.com/v1/bgs/latest/enUS/512x/BGS_100.png;;;1;
Living Azerite;Azerite;Elemental;;Elemental;;4;4;4;Whenever you cast a Tavern spell, Elementals in the Tavern have +1/+1 this game.;8;8;Whenever you cast a Tavern spell, Elementals in the Tavern have +2/+2 this game. ;;;;;;;;;;;;BG28_707;;https://art.hearthstonejson.com/v1/bgs/latest/enUS/512x/BG28_707.png;;;1;
Lovesick Balladist;Balladist;Pirate;;Pirate;;4;3;4;Battlecry: Give a Pirate +1 Health for each Gold spent this turn.;6;8;Battlecry: Give a Pirate +2 Health for each Gold spent this turn.;;1;;;;;;;;;;BG26_814;;https://art.hearthstonejson.com/v1/bgs/latest/enUS/512x/BG26_814.png;;;1;
Magnanimoose;Magna;Beast;;Beast;;4;5;2;Deathrattle: Summon a copy of a minion from your teammate's warband. Set its Health to 1 (except Magnanimoose).;10;4;Deathrattle: Summon copies of 2 minions from your teammate's warband. Set their Health to 1 (except Magnanimoose).;;;1;;;;;;;;;BGDUO_105;;https://art.hearthstonejson.com/v1/bgs/latest/enUS/512x/BGDUO_105.png;;;1;1
Mirror Monster;Mirror;All;;All;;4;4;4;When you buy or Discover this, get an extra copy and Pass it.;8;8;When you buy or Discover this, get 2 extra copies and Pass them.;;;;;;;;;;;;BGDUO_108;;https://art.hearthstonejson.com/v1/bgs/latest/enUS/512x/BGDUO_108.png;;;1;1
Motley Phalanx;Phalanx;All;;All;;4;2;1;Taunt. Deathrattle: Give a friendly minion of each type +2/+1 permanently.;4;2;Taunt. Deathrattle: Give a friendly minion of each type +4/+2 permanently.;;;1;1;;;;;;;;BG27_080;;https://art.hearthstonejson.com/v1/bgs/latest/enUS/512x/BG27_080.png;;;1;
Mummifier;Mummifier;Undead;;Undead;;4;5;2;Deathrattle: Give a different friendly Undead Reborn.;10;4;Deathrattle: Give 2 different friendly Undead Reborn.;;;1;;;;;;;;;BG28_309;;https://art.hearthstonejson.com/v1/bgs/latest/enUS/512x/BG28_309.png;;;1;
Peggy Sturdybone;Peggy;Pirate;;Pirate;;4;4;2;After a card is added to your hand, give another friendly Pirate +1/+1.;8;4;After a card is added to your hand, give another friendly Pirate +2/+2.;;;;;;;;;;;;BG25_032;;https://art.hearthstonejson.com/v1/bgs/latest/enUS/512x/BG25_032.png;;;1;
Persistent Poet;Poet;Dragon;;Dragon;;4;2;3;Divine Shield. Adjacent Dragons permanently keep your enchantments from combat.;4;6;Divine Shield. Adjacent Dragons permanently keep and double your enchantments from combat.;;;;;1;;;;;;;BG29_813;;https://art.hearthstonejson.com/v1/bgs/latest/enUS/512x/BG29_813.png;;;1;
Pilgrimp;Pilgrimp;Demon;;Demon;;4;3;4;1 Demon each turn costs Health instead of Gold to buy. (1 left!);6;8;2 Demons each turn costs Health instead of Gold to buy. (2 left!);;;;;;;;;;;;BG30_106;;https://art.hearthstonejson.com/v1/bgs/latest/enUS/512x/BG30_106.png;;;1;
Prized Promo-Drake;Promo-Drake;Dragon;;Dragon;;4;5;4;Start of Combat: Give your other Dragons +3/+3.;10;8;Start of Combat: Give your other Dragons +6/+6.;;;;;;;;;;;;BG21_014;;https://art.hearthstonejson.com/v1/bgs/latest/enUS/512x/BG21_014.png;;;1;
Prosthetic Hand;Prosthetic;Undead;Mech;Undead;Mech;4;3;1;Magnetic, Reborn. Can Magnetize to Mechs and Undead.;6;2;Magnetic, Reborn. Can Magnetize to Mechs and Undead.;;;;;;;;1;;1;;BG_DEEP_015;;https://art.hearthstonejson.com/v1/bgs/latest/enUS/512x/BG_DEEP_015.png;;;1;
Recycling Wraith;Wraith;Elemental;;Elemental;;4;5;4;After you play an Elemental, your next Refresh costs (1) less.;10;8;After you play an Elemental, your next two Refreshes cost (1) less.;;;;;;;;;;;;BG21_040;;https://art.hearthstonejson.com/v1/bgs/latest/enUS/512x/BG21_040.png;;;1;
Rylak Metalhead;Rylak;Beast;;Beast;;4;5;3;Taunt Deathrattle: Trigger the Battlecry of an adjacent minion.;10;6;Taunt Deathrattle: Trigger the Battlecries of adjacent minions.;;;1;1;;;;;;;;BG26_801;;https://art.hearthstonejson.com/v1/bgs/latest/enUS/512x/BG26_801.png;;;1;
Sin'dorei Straight Shot;Sin'dorei;;;All;;4;3;4;Windfury. Divine Shield. Whenever this attacks, remove Reborn and Taunt from the target.;6;8;Windfury. Divine Shield. Whenever this attacks, remove Reborn and Taunt from the target.;;;;;1;1;;;;;;BG25_016;;https://art.hearthstonejson.com/v1/bgs/latest/enUS/512x/BG25_016.png;;;1;
Sky Pirate Flagbearer;Flagbearer;Pirate;;Pirate;;4;4;4;Start of Combat: Give your other Pirates "Deathrattle: Summon a 1/1 Pirate. It attacks immediately.";8;8;Start of Combat: Give your other Pirates "Deathrattle: Summon a 2/2 Pirate. It attacks immediately.";;;;;;;;;;;;BG30_119;;https://art.hearthstonejson.com/v1/bgs/latest/enUS/512x/BG30_119.png;;;1;
Sly Raptor;Raptor;Beast;;Beast;;4;1;3;Deathrattle: Summon another random Beast. Set its stats to 7/7.;2;6;Deathrattle: Summon another random Beast. Set its stats to 14/14.;;;1;;;;;;;;;BG25_806;;https://art.hearthstonejson.com/v1/bgs/latest/enUS/512x/BG25_806.png;;;1;
Snarling Conductor;Conductor;Quilboar;;Quilboar;;4;4;5;At the start of your turn, discard a spell to gain 4 Gold.;8;10;At the start of your turn, discard a spell to gain 8 Gold.;;;;;;;;;;;;BG28_585;;https://art.hearthstonejson.com/v1/bgs/latest/enUS/512x/BG28_585.png;;;1;
Soft-hearted Siren;Siren;Naga;;Naga;;4;3;6;Whenever this takes damage, get a random Spellcraft spell. (3 times per combat.);6;12;Whenever this takes damage, get two random Spellcraft spells. (3 times per combat.);;;;;;;;;;;;BG26_590;;https://art.hearthstonejson.com/v1/bgs/latest/enUS/512x/BG26_590.png;;;1;
Storm Splitter;Splitter;Naga;;Naga;;4;5;5;Once per turn, after you Pass a Tavern spell, get a new copy of it.;10;10;Once per turn, after you Pass a Tavern spell, get 2 new copies of it.;;;;;;;;;;;;BGDUO_122;;https://art.hearthstonejson.com/v1/bgs/latest/enUS/512x/BGDUO_122.png;;;1;1
Tavern Tempest;Tempest;Elemental;;Elemental;;4;2;2;Battlecry: Get a random Elemental.;4;4;Battlecry: Get 2 random Elementals.;;1;;;;;;;;;;BGS_123;;https://art.hearthstonejson.com/v1/bgs/latest/enUS/512x/BGS_123.png;;;1;
Thundering Abomination;Thundering;Undead;;Undead;;4;3;6;Whenever you summon a minion in combat, give it +3/+2. If there's no space, gain +3/+2 permanently.;6;12;Whenever you summon a minion in combat, give it +6/+4. If there's no space, gain +6/+4 permanently.;;;;;;;;;;;;BG30_124;;https://art.hearthstonejson.com/v1/bgs/latest/enUS/512x/BG30_124.png;;;1;
Treasure-Seeker Elise;Elise;;;All;;4;5;5;After you Refresh 5 times, find the Golden Monkey! (5 left) ;10;10;After you Refresh 5 times, find two Golden Monkeys! (5 left) ;;;;;;;;;;;;BG23_353;;https://art.hearthstonejson.com/v1/bgs/latest/enUS/512x/BG23_353.png;;;1;
Trigore the Lasher;Trigore;Beast;;Beast;;4;9;3;Whenever another friendly Beast takes damage, gain +2 Health permanently.;18;6;Whenever another friendly Beast takes damage, gain +4 Health permanently.;;;;;;;;;;;;BG29_807;;https://art.hearthstonejson.com/v1/bgs/latest/enUS/512x/BG29_807.png;;;1;
Tunnel Blaster;Blaster;;;All;;4;3;7;Taunt. Deathrattle: Deal 3 damage to all minions.;6;14;Taunt. Deathrattle: Deal 3 damage to all minions twice.;;;;1;;;;;;;;BG_DAL_775;;https://art.hearthstonejson.com/v1/bgs/latest/enUS/512x/BG_DAL_775.png;Ivan Fomin;And you always thought they wore the candles just for fun.;1;
Utility Drone;Drone;Mech;;Mech;;4;4;4;At the end of your turn, give your minions +2/+1 for each Magnetization they have.;8;8;At the end of your turn, give your minions +4/+2 for each Magnetization they have.;;;;;;;;;;;;BG26_152;;https://art.hearthstonejson.com/v1/bgs/latest/enUS/512x/BG26_152.png;;;1;
Wannabe Gargoyle;Gargoyle;Dragon;;Dragon;;4;9;1;Reborn. This is Reborn with full Attack.;18;2;Reborn. This is Reborn with full Attack and Health.;;;;;;;;1;;;;BG30_109;;https://art.hearthstonejson.com/v1/bgs/latest/enUS/512x/BG30_109.png;;;1;
Wildfire Elemental;Wildfire;Elemental;;Elemental;;4;9;5;After this attacks and kills a minion, deal excess damage to an adjacent minion.;18;10;After this attacks and kills a minion, deal excess damage to both adjacent minions.;;;;;;;;;;;;BGS_126;;https://art.hearthstonejson.com/v1/bgs/latest/enUS/512x/BGS_126.png;;;1;
Zesty Shaker;Shaker;Naga;;Naga;;4;6;6;Once per turn, when a Spellcraft spell is played on this, get a new copy of it.;12;12;Once per turn, when a Spellcraft spell is played on this, get 2 new copies of it.;;;;;;;;;;;;BG26_505;;https://art.hearthstonejson.com/v1/bgs/latest/enUS/512x/BG26_505.png;;;1;
Amber Guardian;Guardian;Dragon;;Dragon;;5;7;7;Start of Combat: Give another friendly Dragon +7/+7 and Divine Shield.;14;14;Start of Combat: Give two other friendly Dragons +14/+14 and Divine Shield.;;;;;;;;;;;;BG24_500;;https://art.hearthstonejson.com/v1/bgs/latest/enUS/512x/BG24_500.png;;;1;
Barrens Conjurer;Conjurer;;;All;;5;6;2;Deathrattle: Get a random Battlecry minion.;12;4;Deathrattle: Get 2 random Battlecry minions.;;;1;;;;;;;;;BG29_862;;https://art.hearthstonejson.com/v1/bgs/latest/enUS/512x/BG29_862.png;;;1;
Bongo Bopper;Bopper;Quilboar;;Quilboar;;5;4;3;At the end of your turn, get 2 Blood Gems and play 2 more on this.;8;6;At the end of your turn, get 4 Blood Gems and play 4 more on this.;;;;;;;;;;;;BG26_531;;https://art.hearthstonejson.com/v1/bgs/latest/enUS/512x/BG26_531.png;;;1;
Brann Bronzebeard;Brann;;;All;;5;2;4;Your Battlecries trigger twice.;4;8;Your Battlecries trigger three times.;;;;;;;;;;;;LOE_077;;https://art.hearthstonejson.com/v1/bgs/latest/enUS/512x/LOE_077.png;Sam Nielson;Contains 75% more fiber than his brother Magni!;1;
Catacomb Crasher;Crasher;Undead;;Undead;;5;5;10;Whenever you would summon a minion that doesn't fit in your warband, give your minions +1/+1 permanently.;10;20;Whenever you would summon a minion that doesn't fit in your warband, give your minions +2/+2 permanently.;;;;;;;;;;;;BG30_129;;https://art.hearthstonejson.com/v1/bgs/latest/enUS/512x/BG30_129.png;;;1;
Champion of the Primus;Champion;Undead;;Undead;;5;2;9;Avenge (3): Your Undead have +1 Attack for the rest of the game (wherever they are).;4;18;Avenge (3): Your Undead have +2 Attack for the rest of the game (wherever they are).;;;;;;;;;1;;;BG27_029;;https://art.hearthstonejson.com/v1/bgs/latest/enUS/512x/BG27_029.png;;;1;
Charging Czarina;Czarina;Mech;;Mech;;5;5;3;Divine Shield. Whenever you cast a Tavern spell, give your minions with Divine Shield +2 Attack.;10;6;Divine Shield. Whenever you cast a Tavern spell, give your minions with Divine Shield +4 Attack.;;;;;1;;;;;;;BG28_741;;https://art.hearthstonejson.com/v1/bgs/latest/enUS/512x/BG28_741.png;;;1;
Corrupted Myrmidon;Myrmidon;Naga;;Naga;;5;3;3;Start of Combat: Double this minion's stats.;6;6;Start of Combat: Triple this minion's stats.;;;;;;;;;;;;BG23_012;;https://art.hearthstonejson.com/v1/bgs/latest/enUS/512x/BG23_012.png;;;1;
Critter Wrangler;Wrangler;Naga;;Naga;;5;3;5;Whenever you cast a spell on a minion, give it +2/+2.;6;10;Whenever you cast a spell on a minion, give it +4/+4.;;;;;;;;;;;;BG23_003;;https://art.hearthstonejson.com/v1/bgs/latest/enUS/512x/BG23_003.png;;;1;
Cruise Controller;Controller;Pirate;;Pirate;;5;7;3;Deathrattle: For the rest of this combat, after you summon a Pirate, give it +5 Attack.;14;6;Deathrattle: For the rest of this combat, after you summon a Pirate, give it +10 Attack.;;;1;;;;;;;;;BG31_821;;https://art.hearthstonejson.com/v1/bgs/latest/enUS/512x/BG31_821.png;;;1;
Daggerspine Thrasher;Thrasher;Naga;;Naga;;5;4;8;Whenever you cast a spell, gain Divine Shield, Windfury, or Venomous until next turn.;8;16;Whenever you cast a spell, gain Divine Shield, Windfury, or Venomous.;;;;;;;;;;;;BG27_024;;https://art.hearthstonejson.com/v1/bgs/latest/enUS/512x/BG27_024.png;;;1;
Depraved Felfin;Felfin;Demon;Murloc;Demon;Murloc;5;4;3;After you Discover a minion, gain the stats of the other options.;8;6;After you Discover a minion, gain double the stats of the other options.;;;;;;;;;;;;BG30_115;;https://art.hearthstonejson.com/v1/bgs/latest/enUS/512x/BG30_115.png;;;1;
Drakkari Enchanter;Enchanter;;;All;;5;1;5;Your end of turn effects trigger twice.;2;10;Your end of turn effects trigger three times.;;;;;;;;;;;;BG26_ICC_901;;https://art.hearthstonejson.com/v1/bgs/latest/enUS/512x/BG26_ICC_901.png;;;1;
Ensorcelled Fungus;Fungus;;;All;;5;2;4;Has +2/+2 for each Tavern spell you've cast this game (wherever this is).;4;8;Has +4/+4 for each Tavern spell you've cast this game (wherever this is).;;;;;;;;;;;;BG28_555;;https://art.hearthstonejson.com/v1/bgs/latest/enUS/512x/BG28_555.png;;;1;
Flourishing Frostling;Frostling;Elemental;;Elemental;;5;2;1;Has +2/+1 for each Elemental you've played this game (wherever this is).;4;2;Has +4/+2 for each Elemental you've played this game (wherever this is).;;;;;;;;;;;;BG26_537;;https://art.hearthstonejson.com/v1/bgs/latest/enUS/512x/BG26_537.png;;;1;
General Drakkisath;Drakkisath;Dragon;;Dragon;;5;2;8;Battlecry: Add a 2/1 Smolderwing to your hand that gives another Dragon +5 Attack.;4;16;Battlecry: Add two 2/1 Smolderwing to your hand that each gives another Dragon +5 Attack.;;1;;;;;;;;;;BG25_309;;https://art.hearthstonejson.com/v1/bgs/latest/enUS/512x/BG25_309.png;;;1;
Glowscale;Glowscale;Naga;;Naga;;5;4;6;Taunt Spellcraft: Give a minion Divine Shield until next turn.;8;12;Taunt Spellcraft: Give a minion Divine Shield until next turn.;;;;1;;;;;;;1;BG23_008;;https://art.hearthstonejson.com/v1/bgs/latest/enUS/512x/BG23_008.png;;;1;
Hot-Air Surveyor;Surveyor;Quilboar;;Quilboar;;5;5;8;Blood Gems played from your hand cast an extra time.;10;16;Blood Gems played from your hand cast 2 extra times.;;;;;;;;;;;;BG30_121;;https://art.hearthstonejson.com/v1/bgs/latest/enUS/512x/BG30_121.png;;;1;
Ice Fisher;Fisher;Pirate;;Pirate;;5;2;2;After you buy a minion, gain stats equal to its Tier.;4;4;After you buy a minion, gain stats equal to double its Tier.;;;;;;;;;;;;BG30_120;;https://art.hearthstonejson.com/v1/bgs/latest/enUS/512x/BG30_120.png;;;1;
Insatiable Ur'zul;Ur'zul;Demon;;Demon;;5;4;6;Taunt. After you play a Demon, consume a minion in Bob's Tavern to gain its stats.;8;12;Taunt. After you play a Demon, consume a minion in Bob's Tavern to gain double its stats.;;;;1;;;;;;;;BG21_004;;https://art.hearthstonejson.com/v1/bgs/latest/enUS/512x/BG21_004.png;;;1;
Interrogator Whitemane;Whitemane;;;All;;5;8;5;Start of Combat: Give an enemy minion from Tier 5 or higher Taunt. It takes double damage this combat.;16;10;Start of Combat: Give two enemy minions from Tier 5 or higher Taunt. They take double damage this combat.;;;;;;;;;;;;BG24_704;;https://art.hearthstonejson.com/v1/bgs/latest/enUS/512x/BG24_704.png;;;1;
Iridescent Skyblazer;Skyblazer;Beast;;Beast;;5;4;8;Whenever a friendly Beast takes damage, give a friendly Beast other than it +1/+1 permanently.;8;16;Whenever a friendly Beast takes damage, give a friendly Beast other than it +2/+2 permanently.;;;;;;;;;;;;BG29_806;;https://art.hearthstonejson.com/v1/bgs/latest/enUS/512x/BG29_806.png;;;1;
Kangor's Apprentice;Kangor's;;;Mech;;5;3;6;Deathrattle: Summon your first 2 Mechs that died this combat.;6;12;Deathrattle: Summon your first 4 Mechs that died this combat.;;;1;;;;;;;;;BGS_012;;https://art.hearthstonejson.com/v1/bgs/latest/enUS/512x/BGS_012.png;;;1;
King Bagurgle;Bagurgle;Murloc;;Murloc;;5;6;3;Battlecry: Give your other Murlocs +3/+3.;12;6;Battlecry: Give your other Murlocs +6/+6.;;1;;;;;;;;;;BGS_030;;https://art.hearthstonejson.com/v1/bgs/latest/enUS/512x/BGS_030.png;;;1;
Leeroy the Reckless;Leeroy;;;All;;5;6;2;Deathrattle: Destroy the minion that killed this.;12;4;Deathrattle: Destroy the minion that killed this.;;;1;;;;;;;;;BG23_318;;https://art.hearthstonejson.com/v1/bgs/latest/enUS/512x/BG23_318.png;;;1;
Lightfang Enforcer;Lightfang;;;All;;5;8;6;At the end of your turn, give a friendly minion of each type +4/+3.;16;12;At the end of your turn, give a friendly minion of each type +8/+6.;;;;;;;;;;;;BGS_009;;https://art.hearthstonejson.com/v1/bgs/latest/enUS/512x/BGS_009.png;;;1;
Lucky Egg;Egg;;;All;;5;2;2;Battlecry: Discover a Golden Tier 3 minion to transform into.;4;4;Battlecry: Discover a Golden Tier 4 minion to transform into.;;1;;;;;;;;;;BG30_104;;https://art.hearthstonejson.com/v1/bgs/latest/enUS/512x/BG30_104.png;;;1;
Man'ari Messenger;Messenger;Demon;;Demon;;5;8;5;Battlecry: Minions in your team's Taverns have +1/+1 this game.;16;10;Battlecry: Minions in your team's Taverns have +2/+2 this game.;;1;;;;;;;;;;BGDUO_121;;https://art.hearthstonejson.com/v1/bgs/latest/enUS/512x/BGDUO_121.png;;;1;1
Mirage Conjurer;Conjurer;Demon;;Demon;;5;4;4;"Choose One – Double the Attack of all minions in the Tavern; or Double their Health.";8;8;"Choose One – Triple the Attack of all minions in the Tavern; or Triple their Health.";;;;;;;;;;;;BG30_110;;https://art.hearthstonejson.com/v1/bgs/latest/enUS/512x/BG30_110.png;;;1;
Moroes, Steward of Death;Moroes;Undead;;Undead;;5;4;2;Reborn. Deathrattle: Give your Undead +2/+4.;8;4;Reborn. Deathrattle: Give your Undead +4/+8.;;;1;;;;;1;;;;BG28_304;;https://art.hearthstonejson.com/v1/bgs/latest/enUS/512x/BG28_304.png;;;1;
Moss of the Schloss;Moss;Elemental;;Elemental;;5;3;4;When another friendly Elemental dies, gain its maximum stats. (Once per combat.);6;8;When another friendly Elemental dies, gain its maximum stats. (Twice per combat.);;;;;;;;;;;;BG30_111;;https://art.hearthstonejson.com/v1/bgs/latest/enUS/512x/BG30_111.png;;;1;
Octosari, Wrap God;Octosari;Beast;;Beast;;5;8;8;Deathrattle: Summon a 8/8 Tentacle. (It gains +2/+2 permanently after you summon a minion in combat!);16;16;Deathrattle: Summon a 16/16 Tentacle. (It gains +4/+4 permanently after you summon a minion in combat!);;;1;;;;;;;;;BG26_804;;https://art.hearthstonejson.com/v1/bgs/latest/enUS/512x/BG26_804.png;Alex Horley Orlandelli;;1;
Operatic Belcher;Belcher;Murloc;;Murloc;;5;5;2;Venomous. Deathrattle: Give a friendly Murloc Venomous.;10;4;Venomous. Deathrattle: Give 2 friendly Murlocs Venomous.;;;1;;;;1;;;;;BG26_888;;https://art.hearthstonejson.com/v1/bgs/latest/enUS/512x/BG26_888.png;;;1;
Primalfin Lookout;Primalfin;Murloc;;Murloc;;5;3;2;Battlecry: If you control another Murloc, Discover a Murloc.;6;4;Battlecry: If you control another Murloc, Discover two Murlocs.;;1;;;;;;;;;;BGS_020;;https://art.hearthstonejson.com/v1/bgs/latest/enUS/512x/BGS_020.png;;;1;
Prime Mate;Mate;Beast;Pirate;Beast;Pirate;5;3;9;After a friendly Deathrattle minion dies, gain 1 Gold next turn.;6;18;After a friendly Deathrattle minion dies, gain 2 Gold next turn.;;;;;;;;;;;;BG29_865;;https://art.hearthstonejson.com/v1/bgs/latest/enUS/512x/BG29_865.png;;;1;
Rapscallion Recruiter;Recruiter;Pirate;;Pirate;;5;9;3;Deathrattle: Summon 3 Scallywags.;18;6;Deathrattle: Summon 3 Golden Scallywags.;;;1;;;;;;;;;BG26_018;;https://art.hearthstonejson.com/v1/bgs/latest/enUS/512x/BG26_018.png;Angelo Bortolini;;1;
Record Smuggler;Smuggler;Pirate;;Pirate;;5;6;6;At the start of your turn, gain 2 Gold. If you control at least three Pirates, gain 2 more.;12;12;At the start of your turn, gain 4 Gold. If you control at least three Pirates, gain 4 more.;;;;;;;;;;;;BG26_812;;https://art.hearthstonejson.com/v1/bgs/latest/enUS/512x/BG26_812.png;;;1;
Rodeo Performer;Rodeo;;;All;;5;3;4;Battlecry: Discover a Tavern spell.;6;8;Battlecry: Discover 2 Tavern spells.;;1;;;;;;;;;;BG28_550;;https://art.hearthstonejson.com/v1/bgs/latest/enUS/512x/BG28_550.png;;;1;
Scrap Scraper;Scraper;Mech;;Mech;;5;6;5;Deathrattle: Get a random Magnetic Mech.;12;10;Deathrattle: Get 2 random Magnetic Mechs.;;;1;;;;;;;;;BG26_148;;https://art.hearthstonejson.com/v1/bgs/latest/enUS/512x/BG26_148.png;;;1;
Spellbound Seafarer;Seafarer;Pirate;;Pirate;;5;4;6;After you buy 3 cards, get a random Tavern spell. (3 left!);8;12;After you buy 3 cards, get 2 random Tavern spells. (3 left!);;;;;;;;;;;;BG28_903;;https://art.hearthstonejson.com/v1/bgs/latest/enUS/512x/BG28_903.png;;;1;
Spiked Savior;Savior;Beast;;Beast;;5;8;2;Taunt. Reborn. Deathrattle: Give your minions +1 Health and deal 1 damage to them.;16;4;Taunt. Reborn. Deathrattle: Give your minions +1 Health and deal 1 damage to them, twice.;;;1;1;;;;1;;;;BG29_808;;https://art.hearthstonejson.com/v1/bgs/latest/enUS/512x/BG29_808.png;;;1;
Support System;System;Mech;;Mech;;5;4;5;At the end of your turn, give a minion in your teammate's warband Divine Shield.;8;10;At the end of your turn, give 2 minions in your teammate's warband Divine Shield.;;;;;;;;;;;;BGDUO_109;;https://art.hearthstonejson.com/v1/bgs/latest/enUS/512x/BGDUO_109.png;;;1;1
Three Lil' Quilboar;TLQ;Quilboar;;Quilboar;;5;3;3;Deathrattle: Play 3 Blood Gems on your Quilboar.;6;6;Deathrattle: Play 6 Blood Gems on your Quilboar.;;;1;;;;;;;;;BG26_867;;https://art.hearthstonejson.com/v1/bgs/latest/enUS/512x/BG26_867.png;;;1;
Tichondrius;Tichondrius;Demon;;Demon;;5;3;3;After your hero takes damage, give your Demons +1/+1.;6;6;After your hero takes damage, give your Demons +2/+2.;;;;;;;;;;;;BG26_523;;https://art.hearthstonejson.com/v1/bgs/latest/enUS/512x/BG26_523.png;;;1;
Titus Rivendare;Titus;;;All;;5;1;7;Your Deathrattles trigger an extra time.;2;14;Your Deathrattles trigger 2 extra times.;;;;;;;;;;;;BG25_354;;https://art.hearthstonejson.com/v1/bgs/latest/enUS/512x/BG25_354.png;Ralph Horsley;There used to be five Horsemen but one of them left because a job opened up in the deadmines and the benefits were better.;1;
Tortollan Blue Shell;Torto;;;All;;5;4;7;If you lost your last combat, this minion sells for 5 Gold.;8;14;If you lost your last combat, this minion sells for 10 Gold.;;;;;;;;;;;;BG24_018;;https://art.hearthstonejson.com/v1/bgs/latest/enUS/512x/BG24_018.png;;;1;
Transmuted Bramblewitch;Bramblewitch;Elemental;Quilboar;Elemental;Quilboar;5;4;4;When this attacks, set the defender's stats to 3/3. (Once per combat).;8;8;When this attacks, set the defender's stats to 3/3. (Twice per combat).;;;;;;;;;;;;BG27_013;;https://art.hearthstonejson.com/v1/bgs/latest/enUS/512x/BG27_013.png;;;1;
Well Wisher;Wisher;;;All;;5;6;6;Spellcraft: Pass a different non-Golden minion. ;12;12;Spellcraft: Pass a different non-Golden minion. ;;;;;;;;;;;1;BGDUO_120;;https://art.hearthstonejson.com/v1/bgs/latest/enUS/512x/BGDUO_120.png;;;1;1
Yu'lon, Fortune Granter;Yu'lon;Dragon;;Dragon;;5;8;8;Start of Combat: Make your lowest-Tier minion Golden (except Yu'lon, Fortune Granter).;16;16;Start of Combat: Make your two lowest-Tier minion Golden (except Yu'lon, Fortune Granter).;;;;;;;;;;;;BG29_811;;https://art.hearthstonejson.com/v1/bgs/latest/enUS/512x/BG29_811.png;;;1;
Admiral Eliza Goreblade;Eliza;Pirate;;Pirate;;6;6;7;Whenever a friendly Pirate attacks, give your minions +3/+1.;12;14;Whenever a friendly Pirate attacks, give your minions +6/+2.;;;;;;;;;;;;BG27_555;;https://art.hearthstonejson.com/v1/bgs/latest/enUS/512x/BG27_555.png;;;1;
Archlich Kel'Thuzad;Kel;Undead;;Undead;;6;10;8;At the end of your turn, destroy the Undead to the left of this and resummon an exact copy.;20;16;At the end of your turn, destroy adjacent Undead and resummon exact copies.;;;;;;;;;;;;BG28_308;;https://art.hearthstonejson.com/v1/bgs/latest/enUS/512x/BG28_308.png;;;1;
Arid Atrocity;Arid;All;;All;;6;7;7;Deathrattle: Summon a 7/7 Golem. Give it +7/+7 for each friendly minion type that died this combat.;14;14;Deathrattle: Summon a 14/14 Golem. Give it +14/+14 for each friendly minion type that died this combat.;;;1;;;;;;;;;BG29_864;;https://art.hearthstonejson.com/v1/bgs/latest/enUS/512x/BG29_864.png;;;1;
Bristlebach;Bristlebach;Quilboar;;Quilboar;;6;3;10;Avenge (2): Play 2 Blood Gems on all your Quilboar.;6;20;Avenge (2): Play 4 Blood Gems on all your Quilboar.;;;;;;;;;1;;;BG26_157;;https://art.hearthstonejson.com/v1/bgs/latest/enUS/512x/BG26_157.png;Matt Dixon;;1;
Charlga;Charly;Quilboar;;Quilboar;;6;4;4;At the end of your turn, play a Blood Gem on your other minions.;8;8;At the end of your turn, play 2 Blood Gems on your other minions.;;;;;;;;;;;;BG20_303;;https://art.hearthstonejson.com/v1/bgs/latest/enUS/512x/BG20_303.png;;;1;
Choral Mrrrglr;Choral;Murloc;;Murloc;;6;6;6;Start of Combat: Gain the stats of all the minions in your hand.;12;12;Start of Combat: Gain the stats of all the minions in your hand twice.;;;;;;;;;;;;BG26_354;;https://art.hearthstonejson.com/v1/bgs/latest/enUS/512x/BG26_354.png;;;1;
Cultist S'thara;S'thara;;;Demon;;6;12;3;Stealth. Deathrattle: Summon your first Demon that died this combat with its maximum stats.;24;6;Stealth. Deathrattle: Summon your first 2 Demons that died this combat with their maximum stats.;;;1;;;;;;;;;BG27_081;;https://art.hearthstonejson.com/v1/bgs/latest/enUS/512x/BG27_081.png;;;1;
Elemental of Surprise;Surprise;Elemental;;Elemental;;6;8;8;Divine Shield This minion can triple with any Elemental.;16;16;Divine Shield This minion can triple with any Elemental.;;;;;1;;;;;;;BG26_175;;https://art.hearthstonejson.com/v1/bgs/latest/enUS/512x/BG26_175.png;;;1;
Eternal Summoner;Summoner;Undead;;Undead;;6;8;1;Reborn. Deathrattle: Summon 1 Eternal Knights.;16;2;Reborn. Deathrattle: Summon a Golden Eternal Knight.;;;1;;;;;1;;;;BG25_009;;https://art.hearthstonejson.com/v1/bgs/latest/enUS/512x/BG25_009.png;;;1;
Famished Felbat;Felbat;Demon;;Demon;;6;8;5;At the end of your turn, your Demons consume a minion in Bob's Tavern to gain its stats.;16;10;At the end of your turn, your Demons consume a minion in Bob's Tavern to gain double its stats.;;;;;;;;;;;;BG21_005;;https://art.hearthstonejson.com/v1/bgs/latest/enUS/512x/BG21_005.png;;;1;
Fleet Admiral Tethys;Tethys;Pirate;;Pirate;;6;5;6;After you spend 9 Gold, get another random Pirate. (9 Gold left!);10;12;After you spend 9 Gold, get 2 other random Pirates. (9 Gold left!);;;;;;;;;;;;BG26_766;;https://art.hearthstonejson.com/v1/bgs/latest/enUS/512x/BG26_766.png;Sergey Tsvelykh;;1;
Foe Reaper 4000;Reaper;Mech;;Mech;;6;6;9;Also damages the minions next to whomever it attacks.;12;18;Also damages the minions next to whomever it attacks.;;;;;;;;;;;;GVG_113;;https://art.hearthstonejson.com/v1/bgs/latest/enUS/512x/GVG_113.png;James Ryman;Foe reaping is really not so different from harvest reaping, at the end of the day.;1;
Ghoul-acabra;Acabra;Undead;Beast;Undead;Beast;6;4;13;After a friendly Deathrattle minion dies, give your minions +2/+1 permanently.;8;26;After a friendly Deathrattle minion dies, give your minions +4/+2 permanently.;;;;;;;;;;;;BG29_863;;https://art.hearthstonejson.com/v1/bgs/latest/enUS/512x/BG29_863.png;;;1;
Goldrinn, the Great Wolf;Goldrinn;Beast;;Beast;;6;4;4;Deathrattle: For the rest of this combat, your Beasts have +4/+4.;8;8;Deathrattle: For the rest of this combat, your Beasts have +8/+8.;;;1;;;;;;;;;BGS_018;;https://art.hearthstonejson.com/v1/bgs/latest/enUS/512x/BGS_018.png;;;1;
Hoarding Hatespawn;Hatespawn;Dragon;;Dragon;;6;10;10;Start of Combat: Steal 10/10 from the highest Health enemy minion.;20;20;Start of Combat: Steal 20/20 from the highest Health enemy minion.;;;;;;;;;;;;BG29_872;;https://art.hearthstonejson.com/v1/bgs/latest/enUS/512x/BG29_872.png;;;1;
Indomitable Mount;Mount;Beast;;Beast;;6;3;6;Deathrattle: Summon a random Beast from Tier 3, 4, and 5.;6;12;Deathrattle: Summon a random Golden Beast from Tier 3, 4, and 5.;;;1;;;;;;;;;BG30_105;;https://art.hearthstonejson.com/v1/bgs/latest/enUS/512x/BG30_105.png;;;1;
Kalecgos, Arcane Aspect;Kaly;Dragon;;Dragon;;6;4;12;After you trigger a Battlecry, give your Dragons +1/+1.;8;24;After you trigger a Battlecry, give your Dragons +2/+2.;;;;;;;;;;;;BGS_041;;https://art.hearthstonejson.com/v1/bgs/latest/enUS/512x/BGS_041.png;;;1;
Mecha-Jaraxxus;Jaraxxus;Mech;Demon;Mech;Demon;6;3;15;Battlecry: Add a random Mecha-Demon to your hand.;6;30;Battlecry: Add 2 random Mecha-Demons to your hand.;;1;;;;;;;;;;BG25_807;;https://art.hearthstonejson.com/v1/bgs/latest/enUS/512x/BG25_807.png;;;1;
Mrglin' Burglar;Burglar;Murloc;;Murloc;;6;6;6;After you play a Murloc, give a friendly minion and a minion in your hand +6/+6.;12;12;After you play a Murloc, give a friendly minion and a minion in your hand +12/+12.;;;;;;;;;;;;BG30_122;;https://art.hearthstonejson.com/v1/bgs/latest/enUS/512x/BG30_122.png;;;1;
Murky;Murky;Murloc;;Murloc;;6;3;3;Battlecry: Give a friendly Murloc +3/+3 for each one you control.;6;6;Battlecry: Give a friendly Murloc +6/+6 for each one you control.;;1;;;;;;;;;;BG24_012;;https://art.hearthstonejson.com/v1/bgs/latest/enUS/512x/BG24_012.png;;;1;
Nalaa the Redeemer;Nalaa;;;All;;6;5;6;Whenever you cast a Tavern spell, give a friendly minion of each type +2/+2.;10;12;Whenever you cast a Tavern spell, give a friendly minion of each type +4/+4.;;;;;;;;;;;;BG28_551;;https://art.hearthstonejson.com/v1/bgs/latest/enUS/512x/BG28_551.png;;;1;
One-Amalgam Tour Group;Tour Group;All;;All;;6;6;7;Whenever you play a card, give friendly minions of its Tier or lower +1/+1.;12;14;Whenever you play a card, give friendly minions of its Tier or lower +2/+2.;;;;;;;;;;;;BG30_102;;https://art.hearthstonejson.com/v1/bgs/latest/enUS/512x/BG30_102.png;;;1;
Orgozoa, the Tender;Orgozoa;;;Naga;;6;3;7;Spellcraft: Discover a Naga.;6;14;Spellcraft: Discover 2 Naga.;;;;;;;;;;;1;BG23_015;;https://art.hearthstonejson.com/v1/bgs/latest/enUS/512x/BG23_015.png;;;1;
Pokey Thornmantle;Pokey;Quilboar;;Quilboar;;6;6;7;At the start of your turn, your Blood Gems give an extra +1/+1 this game.;12;14;At the start of your turn, your Blood Gems give an extra +2/+2 this game.;;;;;;;;;;;;BG29_708;;https://art.hearthstonejson.com/v1/bgs/latest/enUS/512x/BG29_708.png;;;1;
Polarizing Beatboxer;Beatboxer;Mech;;Mech;;6;5;10;Whenever you Magnetize another minion, it also Magnetizes to this.;10;20;Whenever you Magnetize another minion, it also Magnetizes to this twice.;;;;;;;;;;;;BG26_149;;https://art.hearthstonejson.com/v1/bgs/latest/enUS/512x/BG26_149.png;;;1;
Rock Rock;Rock;Elemental;;Elemental;;6;5;5;After you play an Elemental, give your minions +2 Attack. (Swaps to Health next turn!);10;10;After you play an Elemental, give your minions +4 Attack. (Swaps to Health next turn!);;;;;;;;;;;;BG26_535;;https://art.hearthstonejson.com/v1/bgs/latest/enUS/512x/BG26_535.png;Grafit;;1;
Sun Screener;Screener;;;All;;6;10;1;Start of Combat: Give you and your opponent's 3 left-most minions Divine Shield.;20;2;Start of Combat: Give you and your opponent's 6 left-most minions Divine Shield.;;;;;;;;;;;;BG30_101;;https://art.hearthstonejson.com/v1/bgs/latest/enUS/512x/BG30_101.png;;;1;
Tidemistress Athissa;Athissa;Naga;;Naga;;6;6;8;After you cast a spell, give four friendly Naga +1/+1.;12;16;After you cast a spell, give four friendly Naga +2/+2.;;;;;;;;;;;;BG23_013;;https://art.hearthstonejson.com/v1/bgs/latest/enUS/512x/BG23_013.png;;;1;
Warpwing;Warpwing;Dragon;;Dragon;;6;12;4;Immune while attacking.;24;8;Immune while attacking.;;;;;;;;;;;;BG24_004;;https://art.hearthstonejson.com/v1/bgs/latest/enUS/512x/BG24_004.png;;;1;
Whirling Lass-o-Matic;Lasso;Mech;;Mech;;6;7;4;Divine Shield. Windfury. Whenever this attacks, get a random Tavern spell.;14;8;Divine Shield. Windfury. Whenever this attacks, get 2 random Tavern spells.;;;;;1;1;;;;;;BG28_635;;https://art.hearthstonejson.com/v1/bgs/latest/enUS/512x/BG28_635.png;;;1;
Young Murk-Eye;Murk-Eye;Murloc;;Murloc;;6;8;5;At the end of your turn, adjacent minions trigger their Battlecries.;16;10;At the end of your turn, adjacent minions trigger their Battlecries twice.;;;;;;;;;;;;BG22_403;;https://art.hearthstonejson.com/v1/bgs/latest/enUS/512x/BG22_403.png;;;1;
Captain Sanders;Sanders;Pirate;;Pirate;;7;7;7;Battlecry: Make a friendly minion Golden.;14;14;Battlecry: Make a friendly minion Golden.;;1;;;;;;;;;;BG25_034;;https://art.hearthstonejson.com/v1/bgs/latest/enUS/512x/BG25_034.png;;;1;
Champion of Sargeras;Champion;Demon;;Demon;;7;10;10;Minions in the Tavern have +10/+10.;20;20;Minions in the Tavern have +20/+20.;;;;;;;;;;;;BG27_016;;https://art.hearthstonejson.com/v1/bgs/latest/enUS/512x/BG27_016.png;;;1;
Granite Guardian;Guardian;Elemental;;Elemental;;7;1;28;Taunt. Whenever this is attacked, reduce the attacker's Health to 1.;2;56;Taunt. Whenever this is attacked, reduce the attacker's Health to 1.;;;;1;;;;;;;;BG24_001;;https://art.hearthstonejson.com/v1/bgs/latest/enUS/512x/BG24_001.png;;;1;
King Varian;Varian;;;All;;7;9;9;When you sell this, Discover two tier 6 minions.;18;18;When you sell this, Discover four tier 6 minions.;;;;;;;;;;;;BG27_508;;https://art.hearthstonejson.com/v1/bgs/latest/enUS/512x/BG27_508.png;;;1;
Moira Bronzebeard;Moira;;;All;;7;3;9;Your Battlecries and Deathrattles trigger twice.;6;18;Your Battlecries and Deathrattles trigger three times.;;;;;;;;;;;;BG27_518;;https://art.hearthstonejson.com/v1/bgs/latest/enUS/512x/BG27_518.png;;;1;
Obsidian Ravager;Ravager;Dragon;;Dragon;;7;7;7;Whenever this attacks, deal damage equal to its Attack to the target and an adjacent minion.;14;14;Whenever this attacks, deal damage equal to its Attack to the target and its neighbors.;;;;;;;;;;;;BG27_017;;https://art.hearthstonejson.com/v1/bgs/latest/enUS/512x/BG27_017.png;;;1;
Papa Bear;Papa;Beast;;Beast;;7;12;12;Deathrattle: Summon 3 Mama Bears.;24;24;Deathrattle: Summon 3 Golden Mama Bears.;;;1;;;;;;;;;BG27_509;;https://art.hearthstonejson.com/v1/bgs/latest/enUS/512x/BG27_509.png;;;1;
Recurring Nightmare;Nightmare;Undead;;Undead;;7;8;5;Deathrattle: Give a different friendly Undead "Deathrattle: Summon a Recurring Nightmare.";16;10;Deathrattle: Give a different friendly Undead "Deathrattle: Summon a Recurring Nightmare.";;;1;;;;;;;;;BG26_055;;https://art.hearthstonejson.com/v1/bgs/latest/enUS/512x/BG26_055.png;;;1;
Sandy;Sandy;;;All;;7;1;1;Start of Combat: Transform into a copy of your teammate's highest Health minion.;2;2;Start of Combat: Transform into a Golden copy of your teammate's highest Health minion.;;;;;;;;;;;;BGDUO_125;;https://art.hearthstonejson.com/v1/bgs/latest/enUS/512x/BGDUO_125.png;;;1;1
Sanguine Champion;Sanguine;Quilboar;;Quilboar;;7;18;3;Battlecry and Deathrattle: Your Blood Gems give an extra +1/+1 this game.;36;6;Battlecry and Deathrattle: Your Blood Gems give an extra +2/+2 this game.;;1;1;;;;;;;;;BG23_017;;https://art.hearthstonejson.com/v1/bgs/latest/enUS/512x/BG23_017.png;;;1;
Sea Witch Zar'jira;Zarjira;Naga;;Naga;;7;4;5;Spellcraft: Choose a different minion in the Tavern to get a copy of.;8;10;Spellcraft: Choose a different minion in the Tavern to get 2 copies of.;;;;;;;;;;;1;BG27_514;;https://art.hearthstonejson.com/v1/bgs/latest/enUS/512x/BG27_514.png;;;1;
The Boommobile;Boommobile;Mech;;Mech;;7;12;12;Magnetic, Reborn, Divine Shield, Taunt, Windfury;24;24;Magnetic, Reborn, Divine Shield, Taunt, Windfury;;;;1;1;1;;1;;1;;BG27_021;;https://art.hearthstonejson.com/v1/bgs/latest/enUS/512x/BG27_021.png;;;1;
Tide Oracle Morgl;Morgl;Murloc;;Murloc;;7;1;10;Poisonous. When this attacks and kills a minion, give its maximum stats to a minion in your hand.;2;20;Poisonous. When this attacks and kills a minion, give double its maximum stats to a minion in your hand.;;;;;;;1;;;;;BG27_513;;https://art.hearthstonejson.com/v1/bgs/latest/enUS/512x/BG27_513.png;;;1;
Amalgam;Amalgam;All;;All;;1;2;2;Venomous This has all minion types.;4;4;Venomous This has all minion types.;1;;;;;;1;;;;;TB_BaconShop_HP_033t;;https://art.hearthstonejson.com/v1/bgs/latest/enUS/512x/TB_BaconShop_HP_033t.png;Christopher Hayes;;1;
Amalgam;Amalgam;All;;All;;1;50;50;;100;100;;1;;;;;;;;;;;BG28_Reward_518t;;https://art.hearthstonejson.com/v1/bgs/latest/enUS/512x/BG28_Reward_518t.png;;;1;
Baltharak;Baltharak;Mech;Demon;Mech;Demon;1;10;1;Reborn Can Magnetize to Mechs and Demons.;20;2;Reborn Can Magnetize to Mechs and Demons.;1;;;;;;;1;;;;BG25_807t3;;https://art.hearthstonejson.com/v1/bgs/latest/enUS/512x/BG25_807t3.png;;;1;
Crab;Crab;Beast;;Beast;Naga;1;3;2;;6;4;;1;;;;;;;;;;;BG27_004t2;;https://art.hearthstonejson.com/v1/bgs/latest/enUS/512x/BG27_004t2.png;Ramzy Kamen;;1;
Cubling;Cubling;Beast;;Beast;;1;0;1;Taunt;0;2;Taunt;1;;;1;;;;;;;;BG26_800t;;https://art.hearthstonejson.com/v1/bgs/latest/enUS/512x/BG26_800t.png;;;1;
Damaged Golem;Golem;Mech;;Mech;;1;2;1;;4;2;;1;;;;;;;;;;;skele21;;https://art.hearthstonejson.com/v1/bgs/latest/enUS/512x/skele21.png;Brian Despain;;1;
Deserted Golem;Golem;;;All;;1;7;7;;14;14;;1;;;;;;;;;;;BG29_864_Gt;;https://art.hearthstonejson.com/v1/bgs/latest/enUS/512x/BG29_864_Gt.png;;;1;
Devilsaur;Devilsaur;Beast;;Beast;;1;8;8;;16;16;;1;;;;;;;;;;;BG22_001t2;;https://art.hearthstonejson.com/v1/bgs/latest/enUS/512x/BG22_001t2.png;Anton Zemskov;;1;
Emperor Cobra;Cobra;Beast;;All;;1;2;3;Poisonous;4;6;Poisonous;1;;;;;;;;;;;EX1_170;;https://art.hearthstonejson.com/v1/bgs/latest/enUS/512x/EX1_170.png;Lars Grant-West;The Sholazar Basin is home to a lot of really horrible things. If you're going to visit, wear bug spray. And plate armor.;1;
Fiery Imp;Imp;Demon;;Demon;;1;3;2;;6;4;;1;;;;;;;;;;;DMF_533t;;https://art.hearthstonejson.com/v1/bgs/latest/enUS/512x/DMF_533t.png;James Ryman;;1;
Fish of N'Zoth;Fish;Beast;;All;;1;2;2;After a friendly Deathrattle minion dies in combat, gain its Deathrattle.;4;4;After a friendly Deathrattle minion dies in combat, gain its Deathrattle twice.;1;;;;;;;;;;;TB_BaconShop_HP_105t;;https://art.hearthstonejson.com/v1/bgs/latest/enUS/512x/TB_BaconShop_HP_105t.png;;;1;
Golden Monkey;Monkey;;;All;;1;6;6;Taunt;12;12;Taunt;1;;;1;;;;;;;;BG23_353_Gt;;https://art.hearthstonejson.com/v1/bgs/latest/enUS/512x/BG23_353_Gt.png;;;1;
Half-Shell;Shell;Beast;;Beast;;1;2;3;Taunt;4;6;Taunt;1;;;1;;;;;;;;BG19_010t;;https://art.hearthstonejson.com/v1/bgs/latest/enUS/512x/BG19_010t.png;Jessica Jung;;1;
Helping Hand;Hand;Undead;;Undead;;1;2;1;Reborn;4;2;Reborn;1;;;;;;;1;;;;BG25_010t;;https://art.hearthstonejson.com/v1/bgs/latest/enUS/512x/BG25_010t.png;;;1;
Hyena;Hyena;Beast;;Beast;;1;2;2;;4;4;;1;;;;;;;;;;;EX1_534t;;https://art.hearthstonejson.com/v1/bgs/latest/enUS/512x/EX1_534t.png;Andrew Robinson;;1;
Imp;Imp;Demon;;Demon;;1;1;1;;2;2;;1;;;;;;;;;;;BRM_006t;;https://art.hearthstonejson.com/v1/bgs/latest/enUS/512x/BRM_006t.png;Jaemin Kim;;1;
Magtheridon Prime;Magtheridon;Mech;Demon;Mech;Demon;1;1;10;Taunt  Can Magnetize to Mechs and Demons.;2;20;Taunt Can Magnetize to Mechs and Demons.;1;;;1;;;;;;;;BG25_807t2;;https://art.hearthstonejson.com/v1/bgs/latest/enUS/512x/BG25_807t2.png;;;1;
Mechapony;Pony;Mech;Beast;Mech;Beast;1;1;1;;2;2;;1;;;;;;;;;;;BG27_008t2;;https://art.hearthstonejson.com/v1/bgs/latest/enUS/512x/BG27_008t2.png;;;1;
Mechorse;Horse;Mech;Beast;Mech;Beast;1;2;2;Deathrattle: Summon a 1/1 Mechapony.;4;4;Deathrattle: Summon a 2/2 Mechapony.;1;;;;;;;;;;;BG27_008t;;https://art.hearthstonejson.com/v1/bgs/latest/enUS/512x/BG27_008t.png;;;1;
Microbot;Bot;Mech;;Mech;;1;1;1;;2;2;;1;;;;;;;;;;;BOT_312t;;https://art.hearthstonejson.com/v1/bgs/latest/enUS/512x/BOT_312t.png;Vladimir Kafanov;;1;
Onyxian Whelp;Whelp;Dragon;;All;;1;2;1;;4;2;;1;;;;;;;;;;;BG22_HERO_305t;;https://art.hearthstonejson.com/v1/bgs/latest/enUS/512x/BG22_HERO_305t.png;Mauricio Herrera;;1;
Ozumat's Tentacle;Tentacle;Beast;;All;;1;2;2;Taunt;4;4;Taunt;1;;;1;;;;;;;;BG23_HERO_201pt;;https://art.hearthstonejson.com/v1/bgs/latest/enUS/512x/BG23_HERO_201pt.png;;;1;
Plant;Plant;;;All;;1;1;1;;2;2;;1;;;;;;;;;;;UNG_999t2t1;;https://art.hearthstonejson.com/v1/bgs/latest/enUS/512x/UNG_999t2t1.png;Zoltan Boros;;1;
Rat;Rat;Beast;;Beast;;1;1;1;;2;2;;1;;;;;;;;;;;CFM_316t;;https://art.hearthstonejson.com/v1/bgs/latest/enUS/512x/CFM_316t.png;L. Lullabi & A. Bozonnet;;1;
Rusted Reggie;Reggie;Mech;Demon;Mech;Demon;1;5;5;Windfury Can Magnetize to Mechs and Demons.;10;10;Windfury Can Magnetize to Mechs and Demons.;1;;;;;1;;;;;;BG25_807t;;https://art.hearthstonejson.com/v1/bgs/latest/enUS/512x/BG25_807t.png;;;1;
Skeleton;Skele;Undead;;Undead;;1;1;1;;2;2;;1;;;;;;;;;;;BG_ICC_026t;;https://art.hearthstonejson.com/v1/bgs/latest/enUS/512x/BG_ICC_026t.png;;;1;
Sky Pirate;Sky Pirate;Pirate;;Pirate;;1;1;1;;2;2;;1;;;;;;;;;;;BGS_061t;;https://art.hearthstonejson.com/v1/bgs/latest/enUS/512x/BGS_061t.png;Jim Nelson;;1;
Smolderwing;Smolderwing;Dragon;;Dragon;;1;2;1;Battlecry: Give a Dragon +5 Attack.;4;2;Battlecry: Give a Dragon +10 Attack.;1;1;;;;;;;;;;BG25_309t;;https://art.hearthstonejson.com/v1/bgs/latest/enUS/512x/BG25_309t.png;;;1;
Snake;Snake;Beast;;All;;1;1;1;;2;2;;1;;;;;;;;;;;EX1_554t;;https://art.hearthstonejson.com/v1/bgs/latest/enUS/512x/EX1_554t.png;Lars Grant-West;;1;
Stone Elemental;Elemental;Elemental;;All;;1;1;1;;2;2;;1;;;;;;;;;;;BG22_HERO_001p_t1et;;https://art.hearthstonejson.com/v1/bgs/latest/enUS/512x/BG22_HERO_001p_t1et.png;;;1;
Tabbycat;Tabby;Beast;;Beast;;1;1;1;;2;2;;1;;;;;;;;;;;CFM_315t;;https://art.hearthstonejson.com/v1/bgs/latest/enUS/512x/CFM_315t.png;Anton Zemskov;;1;
Water Droplet;Droplet;Elemental;;Elemental;;1;2;2;;4;4;;1;;;;;;;;;;;BGS_115t;;https://art.hearthstonejson.com/v1/bgs/latest/enUS/512x/BGS_115t.png;Anton Zemskov;;1;
